proposition_id,home_line,correct_outcome_key,incorrect_outcome_key,prop_name,game_id
a3efb690-f0e0-11ed-a98f-4730eee691bc,5.5,,CAR,TB @ CAR,401547640
a3ead490-f0e0-11ed-a98f-4730eee691bc,,,GB,CHI @ GB,401547643
9f40d480-f0e0-11ed-9c79-d3313493dc91,-5.5,JAX,BUF,JAX @ BUF,401547228
a3a714d0-f0e0-11ed-a98f-4730eee691bc,-2.5,CHI,ATL,ATL @ CHI,401547627
a231d9f0-f0e0-11ed-9c79-d3313493dc91,9.5,MIA,NYJ,MIA @ NYJ,401547242
9db5a0a0-f0e0-11ed-a98f-4730eee691bc,2.5,TEN,CIN,CIN @ TEN,401547452
9d450480-f0e0-11ed-9c79-d3313493dc91,-0.5,LAC,MIN,LAC @ MIN,401547436
9d008170-f0e0-11ed-a98f-4730eee691bc,-3.5,TB,CHI,CHI @ TB,401547420
a1078ac0-f0e0-11ed-9c79-d3313493dc91,-1.5,NO,IND,NO @ IND,401547507
a170d3e0-f0e0-11ed-a98f-4730eee691bc,-7.5,NO,CHI,CHI @ NO,401547516
a10a22d0-f0e0-11ed-9c79-d3313493dc91,7.5,DEN,KC,KC @ DEN,401547502
a30fb6d0-f0e0-11ed-a0c6-e37e259a4c71,-2.5,BUF,DAL,DAL @ BUF,401547600
a3ea5f60-f0e0-11ed-a98f-4730eee691bc,,,DET,MIN @ DET,401547642
a3a910a0-f0e0-11ed-a98f-4730eee691bc,13.5,SF,WSH,SF @ WSH,401547635
9db886d0-f0e0-11ed-a98f-4730eee691bc,9.5,KC,NYJ,KC @ NYJ,401547455
a27c7780-f0e0-11ed-a0c6-e37e259a4c71,6.5,GB,KC,KC @ GB,401547576
a2fca400-f0e0-11ed-a0c6-e37e259a4c71,-3.5,CIN,MIN,MIN @ CIN,401547604
a1b3f760-f0e0-11ed-9c79-d3313493dc91,-6.5,SEA,WSH,WSH @ SEA,401547535
9d027d40-f0e0-11ed-a98f-4730eee691bc,-8.5,DAL,NYJ,NYJ @ DAL,401547415
a1714910-f0e0-11ed-a98f-4730eee691bc,-5.5,BAL,SEA,SEA @ BAL,401547513
a27a2d90-f0e0-11ed-a0c6-e37e259a4c71,-5.5,ARI,PIT,ARI @ PIT,401547568
a2bc8dc0-f0e0-11ed-a98f-4730eee691bc,-7.5,BAL,LAR,LAR @ BAL,401547585
a07e5d90-f0e0-11ed-a0c6-e37e259a4c71,-14.5,BUF,NYG,NYG @ BUF,401547481
a35d88b0-f0e0-11ed-a0c6-e37e259a4c71,2.5,PIT,CIN,CIN @ PIT,401547610
9db5eec0-f0e0-11ed-a98f-4730eee691bc,-1.5,LAR,IND,LAR @ IND,401547449
a31004f0-f0e0-11ed-a0c6-e37e259a4c71,3.5,SEA,PHI,PHI @ SEA,401547601
9d4552a0-f0e0-11ed-9c79-d3313493dc91,2.5,NE,NYJ,NE @ NYJ,401547430
a1f51f10-f0e0-11ed-a0c6-e37e259a4c71,-2.5,PHI,KC,PHI @ KC,401547345
a10a70f0-f0e0-11ed-9c79-d3313493dc91,8.5,BAL,ARI,BAL @ ARI,401547501
a2ba91f0-f0e0-11ed-a98f-4730eee691bc,3.5,CHI,DET,DET @ CHI,401547586
9db8d4f0-f0e0-11ed-a98f-4730eee691bc,-1.5,SEA,NYG,SEA @ NYG,401547456
a27c2960-f0e0-11ed-a0c6-e37e259a4c71,2.5,SF,PHI,SF @ PHI,401547276
9d4308b0-f0e0-11ed-9c79-d3313493dc91,-3.5,CLE,TEN,TEN @ CLE,401547428
a1b3a940-f0e0-11ed-9c79-d3313493dc91,-16.5,DAL,NYG,NYG @ DAL,401547534
9cb68020-f0e0-11ed-a0c6-e37e259a4c71,-6.5,DET,KC,DET @ KC,401547353
9d022f20-f0e0-11ed-a98f-4730eee691bc,3.5,NYG,ARI,NYG @ ARI,401547421
a1719730-f0e0-11ed-a98f-4730eee691bc,-2.5,HOU,TB,TB @ HOU,401547515
a3f004b0-f0e0-11ed-a98f-4730eee691bc,3.5,,BAL,PIT @ BAL,401547639
9cb91830-f0e0-11ed-a0c6-e37e259a4c71,3.5,SF,PIT,SF @ PIT,401547405
a3ab5a90-f0e0-11ed-a98f-4730eee691bc,-7.5,KC,CIN,CIN @ KC,401547235
a05307d0-f0e0-11ed-a0c6-e37e259a4c71,3.5,DET,TB,DET @ TB,401547478
a1b11130-f0e0-11ed-9c79-d3313493dc91,-6.5,HOU,CIN,HOU @ CIN,401547526
a1f12770-f0e0-11ed-a0c6-e37e259a4c71,2.5,GB,LAC,LAC @ GB,401547547
a106ee80-f0e0-11ed-9c79-d3313493dc91,-0.5,MIN,GB,MIN @ GB,401547506
a2361fb0-f0e0-11ed-9c79-d3313493dc91,-3.5,CHI,MIN,CHI @ MIN,401547565
a36502c0-f0e0-11ed-a0c6-e37e259a4c71,-6.5,NE,DEN,NE @ DEN,401547621
9cbb1400-f0e0-11ed-a0c6-e37e259a4c71,4.5,PHI,NE,PHI @ NE,401547402
a2b9a790-f0e0-11ed-a98f-4730eee691bc,-5.5,NE,PIT,NE @ PIT,401547578
9db7ea90-f0e0-11ed-a98f-4730eee691bc,-6.5,DAL,NE,NE @ DAL,401547453
a1f32340-f0e0-11ed-a0c6-e37e259a4c71,-5.5,HOU,ARI,ARI @ HOU,401547540
a36306f0-f0e0-11ed-a0c6-e37e259a4c71,4.5,GB,CAR,GB @ CAR,401547617
a05021a0-f0e0-11ed-a0c6-e37e259a4c71,3.5,BAL,TEN,BAL @ TEN,401547229
a1b35b20-f0e0-11ed-9c79-d3313493dc91,1.5,DET,LAC,DET @ LAC,401547530
9f4408d0-f0e0-11ed-9c79-d3313493dc91,3.5,CIN,ARI,CIN @ ARI,401547466
9d01e100-f0e0-11ed-a98f-4730eee691bc,7.5,SF,LAR,SF @ LAR,401547422
a171e550-f0e0-11ed-a98f-4730eee691bc,2.5,IND,CAR,IND @ CAR,401547517
a0c0bdc0-f0e0-11ed-a98f-4730eee691bc,1.5,NYG,WSH,WSH @ NYG,401547486
9cfed3c0-f0e0-11ed-a98f-4730eee691bc,-8.5,BUF,LV,LV @ BUF,401547411
9cb8ca10-f0e0-11ed-a0c6-e37e259a4c71,-3.5,NO,TEN,TEN @ NO,401547399
a1b0c310-f0e0-11ed-9c79-d3313493dc91,2.5,IND,NE,IND @ NE,401547231
a230ef90-f0e0-11ed-9c79-d3313493dc91,-10.5,DAL,WSH,WSH @ DAL,401547551
9f41bee0-f0e0-11ed-9c79-d3313493dc91,-8.5,DET,CAR,CAR @ DET,401547464
a1f0d950-f0e0-11ed-a0c6-e37e259a4c71,-9.5,DET,CHI,CHI @ DET,401547546
a235d190-f0e0-11ed-9c79-d3313493dc91,4.5,BAL,LAC,BAL @ LAC,401547564
a1073ca0-f0e0-11ed-9c79-d3313493dc91,2.5,TEN,ATL,ATL @ TEN,401547500
9d4886f0-f0e0-11ed-9c79-d3313493dc91,-2.5,CIN,LAR,LAR @ CIN,401547441
a16f4d40-f0e0-11ed-a98f-4730eee691bc,-4.5,MIN,ATL,MIN @ ATL,401547518
9cbac5e0-f0e0-11ed-a0c6-e37e259a4c71,-3.5,LV,DEN,LV @ DEN,401547400
a109d4b0-f0e0-11ed-9c79-d3313493dc91,-3.5,SEA,CLE,CLE @ SEA,401547509
9db838b0-f0e0-11ed-a98f-4730eee691bc,-13.5,SF,ARI,ARI @ SF,401547454
a2fcf220-f0e0-11ed-a0c6-e37e259a4c71,-3.5,CLE,CHI,CHI @ CLE,401547605
a3a8c280-f0e0-11ed-a98f-4730eee691bc,-3.5,NO,TB,NO @ TB,401547634
a1f2d520-f0e0-11ed-a0c6-e37e259a4c71,-6.5,JAX,TEN,TEN @ JAX,401547541
a362b8d0-f0e0-11ed-a0c6-e37e259a4c71,-3.5,NYJ,WSH,WSH @ NYJ,401547613
9d43a4f0-f0e0-11ed-9c79-d3313493dc91,-3.5,DET,ATL,ATL @ DET,401547433
a1b30d00-f0e0-11ed-9c79-d3313493dc91,1.5,ARI,ATL,ATL @ ARI,401547529
9f4456f0-f0e0-11ed-9c79-d3313493dc91,-2.5,NYJ,DEN,NYJ @ DEN,401547461
a0668fd0-f0e0-11ed-a0c6-e37e259a4c71,-3.5,JAX,IND,IND @ JAX,401547472
a108c340-f0e0-11ed-9c79-d3313493dc91,2.5,JAX,PIT,JAX @ PIT,401547499
a27bb430-f0e0-11ed-a0c6-e37e259a4c71,-4.5,LAR,CLE,CLE @ LAR,401547575
a2bd7820-f0e0-11ed-a98f-4730eee691bc,-10.5,SF,SEA,SEA @ SF,401547589
9cb87bf0-f0e0-11ed-a0c6-e37e259a4c71,-6.5,TB,MIN,TB @ MIN,401547398
a3a84d50-f0e0-11ed-a98f-4730eee691bc,-12.5,ARI,PHI,ARI @ PHI,401547633
9db6d920-f0e0-11ed-a98f-4730eee691bc,3.5,MIN,CAR,MIN @ CAR,401547448
9cba77c0-f0e0-11ed-a0c6-e37e259a4c71,-1.5,GB,CHI,GB @ CHI,401547407
a10b5b50-f0e0-11ed-9c79-d3313493dc91,-8.5,DET,LV,LV @ DET,401547511
a3eb97e0-f0e0-11ed-a98f-4730eee691bc,-1.5,,IND,HOU @ IND,401547644
a3aa4920-f0e0-11ed-a98f-4730eee691bc,-3.5,HOU,TEN,TEN @ HOU,401547631
a07cfe00-f0e0-11ed-a0c6-e37e259a4c71,-3.5,LV,NE,NE @ LV,401547474
a1b2bee0-f0e0-11ed-9c79-d3313493dc91,-5.5,CLE,BAL,CLE @ BAL,401547531
9db4dd50-f0e0-11ed-a98f-4730eee691bc,3.5,DEN,CHI,DEN @ CHI,401547444
a050bde0-f0e0-11ed-a0c6-e37e259a4c71,-2.5,WSH,ATL,WSH @ ATL,401547470
9f44a510-f0e0-11ed-9c79-d3313493dc91,5.5,KC,MIN,KC @ MIN,401547462
a2355c60-f0e0-11ed-9c79-d3313493dc91,-3.5,PHI,BUF,BUF @ PHI,401547558
a0c15a00-f0e0-11ed-a98f-4730eee691bc,-3.5,BAL,DET,DET @ BAL,401547489
a1067950-f0e0-11ed-9c79-d3313493dc91,-6.5,DAL,LAR,LAR @ DAL,401547505
a1701090-f0e0-11ed-a98f-4730eee691bc,-2.5,GB,LAR,LAR @ GB,401547519
a27b6610-f0e0-11ed-a0c6-e37e259a4c71,-3.5,HOU,DEN,DEN @ HOU,401547571
a1091160-f0e0-11ed-9c79-d3313493dc91,6.5,PHI,WSH,PHI @ WSH,401547508
9cb82dd0-f0e0-11ed-a0c6-e37e259a4c71,4.5,JAX,IND,JAX @ IND,401547404
a3ec5b30-f0e0-11ed-a98f-4730eee691bc,2.5,,MIA,BUF @ MIA,401547647
a1b026d0-f0e0-11ed-9c79-d3313493dc91,-3.5,CHI,CAR,CAR @ CHI,401547525
a1f3e690-f0e0-11ed-a0c6-e37e259a4c71,-6.5,BUF,NYJ,NYJ @ BUF,401547543
9d03dcd0-f0e0-11ed-a98f-4730eee691bc,3.5,NO,CAR,NO @ CAR,401547425
a1725a80-f0e0-11ed-a98f-4730eee691bc,-2.5,LV,NYG,NYG @ LV,401547521
a36550e0-f0e0-11ed-a0c6-e37e259a4c71,-9.5,LV,KC,LV @ KC,401547351
a0bffa70-f0e0-11ed-a98f-4730eee691bc,2.5,CLE,IND,CLE @ IND,401547484
a2787fe0-f0e0-11ed-a0c6-e37e259a4c71,2.5,IND,TEN,IND @ TEN,401547570
a2bbca70-f0e0-11ed-a98f-4730eee691bc,-5.5,NO,CAR,CAR @ NO,401547587
a3635510-f0e0-11ed-a0c6-e37e259a4c71,-2.5,CLE,HOU,CLE @ HOU,401547612
9db52b70-f0e0-11ed-a98f-4730eee691bc,-2.5,BAL,CLE,BAL @ CLE,401547445
a1b270c0-f0e0-11ed-9c79-d3313493dc91,2.5,SF,JAX,SF @ JAX,401547532
9f44f330-f0e0-11ed-9c79-d3313493dc91,-3.5,SF,DAL,DAL @ SF,401547354
a0c37ce0-f0e0-11ed-a98f-4730eee691bc,7.5,MIN,SF,SF @ MIN,401547495
a2350e40-f0e0-11ed-9c79-d3313493dc91,9.5,KC,LV,KC @ LV,401547557
9cffbe20-f0e0-11ed-a98f-4730eee691bc,-6.5,SEA,DET,SEA @ DET,401547418
a2bf4ce0-f0e0-11ed-a98f-4730eee691bc,6.5,NYG,GB,GB @ NYG,401547591
a3eca950-f0e0-11ed-a98f-4730eee691bc,-2.5,,NE,NYJ @ NE,401547648
a30d6ce0-f0e0-11ed-a0c6-e37e259a4c71,-3.5,TB,GB,TB @ GB,401547598
a3105310-f0e0-11ed-a0c6-e37e259a4c71,3.5,BAL,JAX,BAL @ JAX,401547602
9d038eb0-f0e0-11ed-a98f-4730eee691bc,2.5,MIA,NE,MIA @ NE,401547423
a172a8a0-f0e0-11ed-a98f-4730eee691bc,-3.5,PHI,DAL,DAL @ PHI,401547522
9cb9db80-f0e0-11ed-a0c6-e37e259a4c71,-9.5,BAL,HOU,HOU @ BAL,401547396
9cfdc250-f0e0-11ed-a98f-4730eee691bc,-7.5,PHI,MIN,MIN @ PHI,401547410
a10abf10-f0e0-11ed-9c79-d3313493dc91,-5.5,CIN,SF,CIN @ SF,401547503
a2796a40-f0e0-11ed-a0c6-e37e259a4c71,3.5,DET,NO,DET @ NO,401547572
a2fc07c0-f0e0-11ed-a0c6-e37e259a4c71,-2.5,LV,LAC,LAC @ LV,401547593
a0515a20-f0e0-11ed-a0c6-e37e259a4c71,2.5,MIN,CHI,MIN @ CHI,401547475
a1b222a0-f0e0-11ed-9c79-d3313493dc91,1.5,TB,TEN,TEN @ TB,401547528
9d448f50-f0e0-11ed-9c79-d3313493dc91,-6.5,MIA,DEN,DEN @ MIA,401547429
9f454150-f0e0-11ed-9c79-d3313493dc91,1.5,LV,GB,GB @ LV,401547468
a105dd10-f0e0-11ed-9c79-d3313493dc91,-8.5,BUF,TB,TB @ BUF,401547496
a3643f70-f0e0-11ed-a0c6-e37e259a4c71,-4.5,CHI,ARI,ARI @ CHI,401547619
a1087520-f0e0-11ed-9c79-d3313493dc91,3.5,NYJ,NYG,NYJ @ NYG,401547498
a30dbb00-f0e0-11ed-a0c6-e37e259a4c71,-2.5,HOU,TEN,HOU @ TEN,401547595
9cbc7390-f0e0-11ed-a0c6-e37e259a4c71,1.5,NYJ,BUF,BUF @ NYJ,401547352
a3a7ff30-f0e0-11ed-a98f-4730eee691bc,6.5,LAR,NYG,LAR @ NYG,401547632
9db68b00-f0e0-11ed-a98f-4730eee691bc,-8.5,PHI,WSH,WSH @ PHI,401547451
9f42f760-f0e0-11ed-9c79-d3313493dc91,-1.5,NO,NE,NO @ NE,401547459
9d034090-f0e0-11ed-a98f-4730eee691bc,-3.5,WSH,DEN,WSH @ DEN,401547416
9d472760-f0e0-11ed-9c79-d3313493dc91,-13.5,KC,CHI,CHI @ KC,401547438
9cb98d60-f0e0-11ed-a0c6-e37e259a4c71,-5.5,WSH,ARI,ARI @ WSH,401547406
a10b0d30-f0e0-11ed-9c79-d3313493dc91,-8.5,LAC,CHI,CHI @ LAC,401547510
a1efa0d0-f0e0-11ed-a0c6-e37e259a4c71,-3.5,BAL,CIN,CIN @ BAL,401547538
a1b1d480-f0e0-11ed-9c79-d3313493dc91,-3.5,PIT,GB,GB @ PIT,401547527
a1f19ca0-f0e0-11ed-a0c6-e37e259a4c71,-11.5,MIA,LV,LV @ MIA,401547542
9db48f30-f0e0-11ed-a98f-4730eee691bc,-2.5,BUF,MIA,MIA @ BUF,401547443
a16ed810-f0e0-11ed-a98f-4730eee691bc,-2.5,KC,MIA,MIA @ KC,401547230
a2beb0a0-f0e0-11ed-a98f-4730eee691bc,-3.5,DAL,PHI,PHI @ DAL,401547590
a3ed4590-f0e0-11ed-a98f-4730eee691bc,-3.5,,NO,ATL @ NO,401547649
a30f41a0-f0e0-11ed-a0c6-e37e259a4c71,13.5,SF,ARI,SF @ ARI,401547596
a3a985d0-f0e0-11ed-a98f-4730eee691bc,-6.5,JAX,CAR,CAR @ JAX,401547629
9cbc2570-f0e0-11ed-a0c6-e37e259a4c71,2.5,DAL,NYG,DAL @ NYG,401547409
a27cecb0-f0e0-11ed-a0c6-e37e259a4c71,-8.5,CIN,JAX,CIN @ JAX,401547577
a361f580-f0e0-11ed-a0c6-e37e259a4c71,2.5,SEA,TEN,SEA @ TEN,401547614
9f434580-f0e0-11ed-9c79-d3313493dc91,4.5,PIT,BAL,BAL @ PIT,401547460
a17344e0-f0e0-11ed-a98f-4730eee691bc,3.5,LAC,NYJ,LAC @ NYJ,401547524
a2344af0-f0e0-11ed-9c79-d3313493dc91,-2.5,DEN,CLE,CLE @ DEN,401547563
9d477580-f0e0-11ed-9c79-d3313493dc91,12.5,ARI,DAL,DAL @ ARI,401547437
9cfe5e90-f0e0-11ed-a98f-4730eee691bc,1.5,ATL,GB,GB @ ATL,401547417
a1b18660-f0e0-11ed-9c79-d3313493dc91,2.5,MIN,NO,NO @ MIN,401547533
a3a69fa0-f0e0-11ed-a98f-4730eee691bc,-11.5,BUF,NE,NE @ BUF,401547626
9d000c40-f0e0-11ed-a98f-4730eee691bc,3.5,TEN,LAC,LAC @ TEN,401547414
9cbbd750-f0e0-11ed-a0c6-e37e259a4c71,-4.5,LAR,SEA,LAR @ SEA,401547408
a2befec0-f0e0-11ed-a98f-4730eee691bc,-13.5,TEN,MIA,TEN @ MIA,401547592
a3ed93b0-f0e0-11ed-a98f-4730eee691bc,5.5,,NYG,PHI @ NYG,401547650
a2ba1cc0-f0e0-11ed-a98f-4730eee691bc,-2.5,TB,ATL,TB @ ATL,401547579
a3a9d3f0-f0e0-11ed-a98f-4730eee691bc,-3.5,BAL,MIA,MIA @ BAL,401547625
9f4393a0-f0e0-11ed-9c79-d3313493dc91,4.5,PHI,LAR,PHI @ LAR,401547467
a233fcd0-f0e0-11ed-9c79-d3313493dc91,0.5,JAX,HOU,JAX @ HOU,401547555
9db37dc0-f0e0-11ed-a98f-4730eee691bc,0.5,DET,GB,DET @ GB,401547442
a277bc90-f0e0-11ed-a0c6-e37e259a4c71,-7.5,DAL,SEA,SEA @ DAL,401547566
9d47c3a0-f0e0-11ed-9c79-d3313493dc91,-1.5,PIT,LV,PIT @ LV,401547439
a0c04890-f0e0-11ed-a98f-4730eee691bc,8.5,NE,BUF,BUF @ NE,401547485
a279b860-f0e0-11ed-a0c6-e37e259a4c71,3.5,ATL,NYJ,ATL @ NYJ,401547573
a3abcfc0-f0e0-11ed-a98f-4730eee691bc,-2.5,GB,MIN,GB @ MIN,401547637
a07de860-f0e0-11ed-a0c6-e37e259a4c71,6.5,NYJ,PHI,PHI @ NYJ,401547480
9f4149b0-f0e0-11ed-9c79-d3313493dc91,-1.5,ATL,HOU,HOU @ ATL,401547463
a0524480-f0e0-11ed-a0c6-e37e259a4c71,5.5,CLE,SF,SF @ CLE,401547476
a23164c0-f0e0-11ed-9c79-d3313493dc91,6.5,SF,SEA,SF @ SEA,401547553
a107fff0-f0e0-11ed-9c79-d3313493dc91,-9.5,MIA,NE,NE @ MIA,401547497
a1f4a9e0-f0e0-11ed-a0c6-e37e259a4c71,-2.5,DEN,MIN,MIN @ DEN,401547550
a3648d90-f0e0-11ed-a0c6-e37e259a4c71,-1.5,MIA,DAL,DAL @ MIA,401547620
9cbb8930-f0e0-11ed-a0c6-e37e259a4c71,-1.5,MIA,LAC,MIA @ LAC,401547401
9d4811c0-f0e0-11ed-9c79-d3313493dc91,5.5,PHI,TB,PHI @ TB,401547440
a1095f80-f0e0-11ed-9c79-d3313493dc91,3.5,CAR,HOU,HOU @ CAR,401547504
a3ede1d0-f0e0-11ed-a98f-4730eee691bc,3.5,,ARI,SEA @ ARI,401547638
a30ea560-f0e0-11ed-a0c6-e37e259a4c71,-4.5,NO,NYG,NYG @ NO,401547599
a2fdb570-f0e0-11ed-a0c6-e37e259a4c71,-2.5,IND,PIT,PIT @ IND,401547607
a1f39870-f0e0-11ed-a0c6-e37e259a4c71,-10.5,SF,TB,TB @ SF,401547549
a233aeb0-f0e0-11ed-9c79-d3313493dc91,2.5,NYG,NE,NE @ NYG,401547560
a27aa2c0-f0e0-11ed-a0c6-e37e259a4c71,-5.5,TB,CAR,CAR @ TB,401547569
a2bc1890-f0e0-11ed-a98f-4730eee691bc,6.5,NYJ,HOU,HOU @ NYJ,401547582
a07ed2c0-f0e0-11ed-a0c6-e37e259a4c71,2.5,DAL,LAC,DAL @ LAC,401547482
a05292a0-f0e0-11ed-a0c6-e37e259a4c71,-13.5,MIA,CAR,CAR @ MIA,401547473
9d045200-f0e0-11ed-a98f-4730eee691bc,1.5,PIT,CLE,CLE @ PIT,401547424
a0c32ec0-f0e0-11ed-a98f-4730eee691bc,-1.5,PHI,MIA,MIA @ PHI,401547494
9d45c7d0-f0e0-11ed-9c79-d3313493dc91,6.5,BUF,WSH,BUF @ WSH,401547431
a16fc270-f0e0-11ed-a98f-4730eee691bc,-8.5,CLE,ARI,ARI @ CLE,401547514
a2be6280-f0e0-11ed-a98f-4730eee691bc,-2.5,DEN,LAC,DEN @ LAC,401547584
a30ef380-f0e0-11ed-a0c6-e37e259a4c71,-6.5,LAR,WSH,WSH @ LAR,401547597
a2fd6750-f0e0-11ed-a0c6-e37e259a4c71,-4.5,DET,DEN,DEN @ DET,401547606
a07c88d0-f0e0-11ed-a0c6-e37e259a4c71,1.5,HOU,NO,NO @ HOU,401547477
a36243a0-f0e0-11ed-a0c6-e37e259a4c71,3.5,DET,MIN,DET @ MIN,401547618
a2336090-f0e0-11ed-9c79-d3313493dc91,-2.5,IND,TB,TB @ IND,401547556
9cff48f0-f0e0-11ed-a98f-4730eee691bc,-3.5,BAL,CIN,BAL @ CIN,401547412
a3eb49c0-f0e0-11ed-a98f-4730eee691bc,3.5,,TEN,JAX @ TEN,401547652
a1f06420-f0e0-11ed-a0c6-e37e259a4c71,-3.5,CLE,PIT,PIT @ CLE,401547539
a0c2e0a0-f0e0-11ed-a98f-4730eee691bc,-5.5,KC,LAC,LAC @ KC,401547488
9d4615f0-f0e0-11ed-9c79-d3313493dc91,-9.5,HOU,JAX,HOU @ JAX,401547435
a2bb0720-f0e0-11ed-a98f-4730eee691bc,0.5,CIN,IND,IND @ CIN,401547580
a3aabe50-f0e0-11ed-a98f-4730eee691bc,-3.5,PIT,SEA,PIT @ SEA,401547636
a07d7330-f0e0-11ed-a0c6-e37e259a4c71,-6.5,LAR,ARI,ARI @ LAR,401547479
a0c1cf30-f0e0-11ed-a98f-4730eee691bc,-3.5,PIT,LAR,PIT @ LAR,401547492
a2bded50-f0e0-11ed-a98f-4730eee691bc,-2.5,BUF,KC,BUF @ KC,401547583
9db74e50-f0e0-11ed-a98f-4730eee691bc,3.5,HOU,PIT,PIT @ HOU,401547446
9f423410-f0e0-11ed-9c79-d3313493dc91,-1.5,IND,TEN,TEN @ IND,401547458
a232eb60-f0e0-11ed-9c79-d3313493dc91,-3.5,TEN,CAR,CAR @ TEN,401547561
a3613230-f0e0-11ed-a0c6-e37e259a4c71,13.5,BUF,LAC,BUF @ LAC,401547611
a3661430-f0e0-11ed-a0c6-e37e259a4c71,-5.5,BAL,SF,BAL @ SF,401547622
9d466410-f0e0-11ed-9c79-d3313493dc91,-7.5,IND,BAL,IND @ BAL,401547427
a0bf8540-f0e0-11ed-a98f-4730eee691bc,3.5,CHI,LV,LV @ CHI,401547490
a3eecc30-f0e0-11ed-a98f-4730eee691bc,-1.5,,LAC,KC @ LAC,401547645
a278f510-f0e0-11ed-a0c6-e37e259a4c71,5.5,LAC,NE,LAC @ NE,401547567
a2bb5540-f0e0-11ed-a98f-4730eee691bc,-2.5,CLE,JAX,JAX @ CLE,401547581
a3ab0c70-f0e0-11ed-a98f-4730eee691bc,-5.5,DEN,LAC,LAC @ DEN,401547630
a3e9ea30-f0e0-11ed-a98f-4730eee691bc,-4.5,,CIN,CLE @ CIN,401547641
a2305350-f0e0-11ed-9c79-d3313493dc91,-7.5,GB,DET,GB @ DET,401547552
a3a62a70-f0e0-11ed-a98f-4730eee691bc,-6.5,DAL,DET,DET @ DAL,401547624
9d441a20-f0e0-11ed-9c79-d3313493dc91,-2.5,GB,NO,NO @ GB,401547434
9d016bd0-f0e0-11ed-a98f-4730eee691bc,1.5,IND,HOU,IND @ HOU,401547419
a27af0e0-f0e0-11ed-a0c6-e37e259a4c71,9.5,MIA,WSH,MIA @ WSH,401547574
a3ebe600-f0e0-11ed-a98f-4730eee691bc,-2.5,,LV,DEN @ LV,401547646
9db79c70-f0e0-11ed-a98f-4730eee691bc,-5.5,LAC,LV,LV @ LAC,401547447
9d41d030-f0e0-11ed-9c79-d3313493dc91,-10.5,SF,NYG,NYG @ SF,401547426
9f428230-f0e0-11ed-9c79-d3313493dc91,-9.5,MIA,NYG,NYG @ MIA,401547465
a2329d40-f0e0-11ed-9c79-d3313493dc91,1.5,PIT,CIN,PIT @ CIN,401547554
a310c840-f0e0-11ed-a0c6-e37e259a4c71,9.5,KC,NE,KC @ NE,401547608
9cb7b8a0-f0e0-11ed-a0c6-e37e259a4c71,2.5,CLE,CIN,CIN @ CLE,401547397
9d46b230-f0e0-11ed-9c79-d3313493dc91,-6.5,SEA,CAR,CAR @ SEA,401547432
a0c10be0-f0e0-11ed-a98f-4730eee691bc,-2.5,ATL,TB,ATL @ TB,401547491
a365c610-f0e0-11ed-a0c6-e37e259a4c71,-10.5,PHI,NYG,NYG @ PHI,401547241
a3ef1a50-f0e0-11ed-a98f-4730eee691bc,-3.5,,SF,LAR @ SF,401547651
a16e3bd0-f0e0-11ed-a98f-4730eee691bc,-3.5,PIT,TEN,TEN @ PIT,401547512
a2bcdbe0-f0e0-11ed-a98f-4730eee691bc,2.5,MIN,LV,MIN @ LV,401547588
9f403840-f0e0-11ed-9c79-d3313493dc91,-6.5,CHI,WSH,CHI @ WSH,401547457
a363ca40-f0e0-11ed-a0c6-e37e259a4c71,0.5,TB,JAX,JAX @ TB,401547615
9db63ce0-f0e0-11ed-a98f-4730eee691bc,-3.5,TB,NO,TB @ NO,401547450
a1f25ff0-f0e0-11ed-a0c6-e37e259a4c71,10.5,DAL,CAR,DAL @ CAR,401547545
a051cf50-f0e0-11ed-a0c6-e37e259a4c71,-3.5,CIN,SEA,SEA @ CIN,401547471
a0c26b70-f0e0-11ed-a98f-4730eee691bc,1.5,DEN,GB,GB @ DEN,401547487
a2324f20-f0e0-11ed-9c79-d3313493dc91,-1.5,ATL,NO,NO @ ATL,401547559
9cb76a80-f0e0-11ed-a0c6-e37e259a4c71,-2.5,ATL,CAR,CAR @ ATL,401547403
a1731dd0-f0e0-11ed-a98f-4730eee691bc,-2.5,CIN,BUF,BUF @ CIN,401547523
a1b493a0-f0e0-11ed-9c79-d3313493dc91,-7.5,DEN,BUF,DEN @ BUF,401547537
a1f45bc0-f0e0-11ed-a0c6-e37e259a4c71,2.5,LAR,SEA,SEA @ LAR,401547544
a3ef6870-f0e0-11ed-a98f-4730eee691bc,13.5,,WSH,DAL @ WSH,401547653
a0bee900-f0e0-11ed-a98f-4730eee691bc,-3.5,JAX,NO,JAX @ NO,401547483
a35cec70-f0e0-11ed-a0c6-e37e259a4c71,-4.5,LAR,NO,NO @ LAR,401547609
a1f211d0-f0e0-11ed-a0c6-e37e259a4c71,-10.5,NYG,WSH,NYG @ WSH,401547548
a3a58e30-f0e0-11ed-a98f-4730eee691bc,-7.5,CLE,NYJ,NYJ @ CLE,401547623
9db41a00-f0e0-11ed-a98f-4730eee691bc,-3.5,JAX,ATL,ATL @ JAX,401547227
a2349910-f0e0-11ed-9c79-d3313493dc91,0.5,LAR,ARI,LAR @ ARI,401547562
a0c21d50-f0e0-11ed-a98f-4730eee691bc,-7.5,SEA,ARI,ARI @ SEA,401547493
9d00cf90-f0e0-11ed-a98f-4730eee691bc,2.5,KC,JAX,KC @ JAX,401547413
a17085c0-f0e0-11ed-a98f-4730eee691bc,-3.5,WSH,NE,WSH @ NE,401547520
a2fe2aa0-f0e0-11ed-a0c6-e37e259a4c71,3.5,CAR,ATL,ATL @ CAR,401547603
a30e3030-f0e0-11ed-a0c6-e37e259a4c71,-8.5,MIA,NYJ,NYJ @ MIA,401547594
a04d3b70-f0e0-11ed-a0c6-e37e259a4c71,-10.5,KC,DEN,DEN @ KC,401547469
a3a78a00-f0e0-11ed-a98f-4730eee691bc,-2.5,IND,LV,LV @ IND,401547628
a3618050-f0e0-11ed-a0c6-e37e259a4c71,2.5,ATL,IND,IND @ ATL,401547616
a1b44580-f0e0-11ed-9c79-d3313493dc91,1.5,LV,NYJ,NYJ @ LV,401547536
