week,home_team,away_team,game_id,proposition_id,correct_outcome_key,home_score,away_score,home_line,smb_pick,slb_pick,sue_pick,jean_pick,morgan_pick
1,KC,DET,401547353,9cb68020-f0e0-11ed-a0c6-e37e259a4c71,DET,20,21,-6.5,DET,DET,DET,DET,KC
1,ATL,CAR,401547403,9cb76a80-f0e0-11ed-a0c6-e37e259a4c71,ATL,24,10,-2.5,CAR,ATL,CAR,ATL,ATL
1,CLE,CIN,401547397,9cb7b8a0-f0e0-11ed-a0c6-e37e259a4c71,CLE,24,3,2.5,CLE,CLE,CIN,CIN,CIN
1,IND,JAX,401547404,9cb82dd0-f0e0-11ed-a0c6-e37e259a4c71,JAX,21,31,4.5,IND,IND,JAX,JAX,JAX
1,MIN,TB,401547398,9cb87bf0-f0e0-11ed-a0c6-e37e259a4c71,TB,17,20,-6.5,TB,MIN,TB,MIN,MIN
1,NO,TEN,401547399,9cb8ca10-f0e0-11ed-a0c6-e37e259a4c71,NO,16,15,-3.5,NO,NO,NO,TEN,TEN
1,PIT,SF,401547405,9cb91830-f0e0-11ed-a0c6-e37e259a4c71,SF,7,30,3.5,PIT,PIT,SF,SF,SF
1,WSH,ARI,401547406,9cb98d60-f0e0-11ed-a0c6-e37e259a4c71,WSH,20,16,-5.5,WSH,WSH,WSH,ARI,ARI
1,BAL,HOU,401547396,9cb9db80-f0e0-11ed-a0c6-e37e259a4c71,BAL,25,9,-9.5,HOU,BAL,BAL,BAL,BAL
1,CHI,GB,401547407,9cba77c0-f0e0-11ed-a0c6-e37e259a4c71,GB,20,38,-1.5,GB,GB,GB,CHI,CHI
1,DEN,LV,401547400,9cbac5e0-f0e0-11ed-a0c6-e37e259a4c71,LV,16,17,-3.5,LV,LV,LV,LV,DEN
1,NE,PHI,401547402,9cbb1400-f0e0-11ed-a0c6-e37e259a4c71,PHI,20,25,4.5,NE,PHI,PHI,PHI,PHI
1,LAC,MIA,401547401,9cbb8930-f0e0-11ed-a0c6-e37e259a4c71,MIA,34,36,-1.5,MIA,LAC,MIA,MIA,MIA
1,SEA,LAR,401547408,9cbbd750-f0e0-11ed-a0c6-e37e259a4c71,LAR,13,30,-4.5,LAR,SEA,LAR,SEA,SEA
1,NYG,DAL,401547409,9cbc2570-f0e0-11ed-a0c6-e37e259a4c71,DAL,0,40,2.5,NYG,DAL,DAL,DAL,NYG
1,NYJ,BUF,401547352,9cbc7390-f0e0-11ed-a0c6-e37e259a4c71,NYJ,22,16,1.5,NYJ,BUF,BUF,BUF,NYJ
2,PHI,MIN,401547410,9cfdc250-f0e0-11ed-a98f-4730eee691bc,PHI,34,28,-7.5,MIN,PHI,,PHI,PHI
2,ATL,GB,401547417,9cfe5e90-f0e0-11ed-a98f-4730eee691bc,ATL,25,24,1.5,GB,GB,GB,GB,ATL
2,BUF,LV,401547411,9cfed3c0-f0e0-11ed-a98f-4730eee691bc,BUF,38,10,-8.5,BUF,LV,LV,BUF,BUF
2,CIN,BAL,401547412,9cff48f0-f0e0-11ed-a98f-4730eee691bc,BAL,24,27,-3.5,BAL,CIN,BAL,BAL,BAL
2,DET,SEA,401547418,9cffbe20-f0e0-11ed-a98f-4730eee691bc,SEA,31,37,-6.5,DET,DET,SEA,SEA,DET
2,TEN,LAC,401547414,9d000c40-f0e0-11ed-a98f-4730eee691bc,TEN,27,24,3.5,TEN,TEN,LAC,LAC,TEN
2,TB,CHI,401547420,9d008170-f0e0-11ed-a98f-4730eee691bc,TB,27,17,-3.5,TB,CHI,CHI,TB,CHI
2,JAX,KC,401547413,9d00cf90-f0e0-11ed-a98f-4730eee691bc,KC,9,17,2.5,KC,KC,KC,JAX,KC
2,HOU,IND,401547419,9d016bd0-f0e0-11ed-a98f-4730eee691bc,IND,20,31,1.5,IND,IND,IND,IND,IND
2,LAR,SF,401547422,9d01e100-f0e0-11ed-a98f-4730eee691bc,SF,23,30,7.5,SF,LAR,LAR,LAR,LAR
2,ARI,NYG,401547421,9d022f20-f0e0-11ed-a98f-4730eee691bc,NYG,28,31,3.5,NYG,ARI,ARI,ARI,NYG
2,DAL,NYJ,401547415,9d027d40-f0e0-11ed-a98f-4730eee691bc,DAL,30,10,-8.5,DAL,NYJ,DAL,DAL,NYJ
2,DEN,WSH,401547416,9d034090-f0e0-11ed-a98f-4730eee691bc,WSH,33,35,-3.5,WSH,DEN,WSH,WSH,DEN
2,NE,MIA,401547423,9d038eb0-f0e0-11ed-a98f-4730eee691bc,MIA,17,24,2.5,MIA,MIA,MIA,MIA,MIA
2,CAR,NO,401547425,9d03dcd0-f0e0-11ed-a98f-4730eee691bc,NO,17,20,3.5,CAR,CAR,CAR,CAR,NO
2,PIT,CLE,401547424,9d045200-f0e0-11ed-a98f-4730eee691bc,PIT,26,22,1.5,PIT,CLE,CLE,CLE,CLE
3,SF,NYG,401547426,9d41d030-f0e0-11ed-9c79-d3313493dc91,SF,30,12,-10.5,SF,NYG,SF,SF,SF
3,CLE,TEN,401547428,9d4308b0-f0e0-11ed-9c79-d3313493dc91,CLE,27,3,-3.5,CLE,CLE,TEN,TEN,TEN
3,DET,ATL,401547433,9d43a4f0-f0e0-11ed-9c79-d3313493dc91,DET,20,6,-3.5,DET,DET,ATL,DET,DET
3,GB,NO,401547434,9d441a20-f0e0-11ed-9c79-d3313493dc91,GB,18,17,-2.5,GB,GB,GB,GB,NO
3,MIA,DEN,401547429,9d448f50-f0e0-11ed-9c79-d3313493dc91,MIA,70,20,-6.5,MIA,DEN,DEN,MIA,MIA
3,MIN,LAC,401547436,9d450480-f0e0-11ed-9c79-d3313493dc91,LAC,24,28,-0.5,MIN,LAC,LAC,MIN,MIN
3,NYJ,NE,401547430,9d4552a0-f0e0-11ed-9c79-d3313493dc91,NE,10,15,2.5,NYJ,NYJ,NE,NE,NE
3,WSH,BUF,401547431,9d45c7d0-f0e0-11ed-9c79-d3313493dc91,BUF,3,37,6.5,WSH,BUF,BUF,BUF,BUF
3,JAX,HOU,401547435,9d4615f0-f0e0-11ed-9c79-d3313493dc91,HOU,17,37,-9.5,JAX,HOU,JAX,JAX,HOU
3,BAL,IND,401547427,9d466410-f0e0-11ed-9c79-d3313493dc91,IND,19,22,-7.5,BAL,IND,BAL,IND,IND
3,SEA,CAR,401547432,9d46b230-f0e0-11ed-9c79-d3313493dc91,SEA,37,27,-6.5,CAR,SEA,SEA,SEA,SEA
3,KC,CHI,401547438,9d472760-f0e0-11ed-9c79-d3313493dc91,KC,41,10,-13.5,CHI,CHI,KC,CHI,KC
3,ARI,DAL,401547437,9d477580-f0e0-11ed-9c79-d3313493dc91,ARI,28,16,12.5,DAL,ARI,DAL,DAL,DAL
3,LV,PIT,401547439,9d47c3a0-f0e0-11ed-9c79-d3313493dc91,PIT,18,23,-1.5,PIT,PIT,PIT,PIT,LV
3,TB,PHI,401547440,9d4811c0-f0e0-11ed-9c79-d3313493dc91,PHI,11,25,5.5,TB,PHI,PHI,PHI,PHI
3,CIN,LAR,401547441,9d4886f0-f0e0-11ed-9c79-d3313493dc91,CIN,19,16,-2.5,CIN,CIN,LAR,LAR,LAR
4,GB,DET,401547442,9db37dc0-f0e0-11ed-a98f-4730eee691bc,DET,20,34,0.5,GB,DET,DET,DET,DET
4,JAX,ATL,401547227,9db41a00-f0e0-11ed-a98f-4730eee691bc,JAX,23,7,-3.5,JAX,ATL,ATL,JAX,ATL
4,BUF,MIA,401547443,9db48f30-f0e0-11ed-a98f-4730eee691bc,BUF,48,20,-2.5,MIA,BUF,MIA,BUF,MIA
4,CHI,DEN,401547444,9db4dd50-f0e0-11ed-a98f-4730eee691bc,DEN,28,31,3.5,CHI,DEN,CHI,CHI,DEN
4,CLE,BAL,401547445,9db52b70-f0e0-11ed-a98f-4730eee691bc,BAL,3,28,-2.5,BAL,CLE,BAL,BAL,BAL
4,TEN,CIN,401547452,9db5a0a0-f0e0-11ed-a98f-4730eee691bc,TEN,27,3,2.5,TEN,TEN,CIN,CIN,CIN
4,IND,LAR,401547449,9db5eec0-f0e0-11ed-a98f-4730eee691bc,LAR,23,29,-1.5,LAR,LAR,LAR,LAR,IND
4,NO,TB,401547450,9db63ce0-f0e0-11ed-a98f-4730eee691bc,TB,9,26,-3.5,TB,NO,TB,TB,TB
4,PHI,WSH,401547451,9db68b00-f0e0-11ed-a98f-4730eee691bc,PHI,34,31,-8.5,PHI,WSH,WSH,WSH,PHI
4,CAR,MIN,401547448,9db6d920-f0e0-11ed-a98f-4730eee691bc,MIN,13,21,3.5,MIN,MIN,MIN,MIN,MIN
4,HOU,PIT,401547446,9db74e50-f0e0-11ed-a98f-4730eee691bc,HOU,30,6,3.5,HOU,PIT,PIT,PIT,HOU
4,LAC,LV,401547447,9db79c70-f0e0-11ed-a98f-4730eee691bc,LAC,24,17,-5.5,LAC,LAC,LV,LAC,LAC
4,DAL,NE,401547453,9db7ea90-f0e0-11ed-a98f-4730eee691bc,DAL,38,3,-6.5,NE,NE,NE,DAL,DAL
4,SF,ARI,401547454,9db838b0-f0e0-11ed-a98f-4730eee691bc,SF,35,16,-13.5,SF,ARI,SF,SF,SF
4,NYJ,KC,401547455,9db886d0-f0e0-11ed-a98f-4730eee691bc,KC,20,23,9.5,NYJ,NYJ,NYJ,NYJ,KC
4,NYG,SEA,401547456,9db8d4f0-f0e0-11ed-a98f-4730eee691bc,SEA,3,24,-1.5,NYG,NYG,SEA,SEA,SEA
5,WSH,CHI,401547457,9f403840-f0e0-11ed-9c79-d3313493dc91,CHI,20,40,-6.5,WSH,,CHI,WSH,CHI
5,BUF,JAX,401547228,9f40d480-f0e0-11ed-9c79-d3313493dc91,JAX,20,25,-5.5,BUF,,BUF,BUF,BUF
5,ATL,HOU,401547463,9f4149b0-f0e0-11ed-9c79-d3313493dc91,ATL,21,19,-1.5,HOU,ATL,HOU,HOU,HOU
5,DET,CAR,401547464,9f41bee0-f0e0-11ed-9c79-d3313493dc91,DET,42,24,-8.5,DET,DET,DET,DET,DET
5,IND,TEN,401547458,9f423410-f0e0-11ed-9c79-d3313493dc91,IND,23,16,-1.5,IND,IND,TEN,IND,IND
5,MIA,NYG,401547465,9f428230-f0e0-11ed-9c79-d3313493dc91,MIA,31,16,-9.5,MIA,MIA,MIA,MIA,NYG
5,NE,NO,401547459,9f42f760-f0e0-11ed-9c79-d3313493dc91,NO,0,34,-1.5,NO,NO,NO,NO,NO
5,PIT,BAL,401547460,9f434580-f0e0-11ed-9c79-d3313493dc91,PIT,17,10,4.5,BAL,PIT,BAL,BAL,BAL
5,LAR,PHI,401547467,9f4393a0-f0e0-11ed-9c79-d3313493dc91,PHI,14,23,4.5,PHI,PHI,PHI,PHI,LAR
5,ARI,CIN,401547466,9f4408d0-f0e0-11ed-9c79-d3313493dc91,CIN,20,34,3.5,CIN,ARI,CIN,ARI,CIN
5,DEN,NYJ,401547461,9f4456f0-f0e0-11ed-9c79-d3313493dc91,NYJ,21,31,-2.5,NYJ,NYJ,NYJ,DEN,NYJ
5,MIN,KC,401547462,9f44a510-f0e0-11ed-9c79-d3313493dc91,KC,20,27,5.5,KC,KC,KC,KC,KC
5,SF,DAL,401547354,9f44f330-f0e0-11ed-9c79-d3313493dc91,SF,42,10,-3.5,SF,SF,SF,SF,SF
5,LV,GB,401547468,9f454150-f0e0-11ed-9c79-d3313493dc91,LV,17,13,1.5,LV,GB,GB,GB,GB
6,KC,DEN,401547469,a04d3b70-f0e0-11ed-a0c6-e37e259a4c71,KC,19,8,-10.5,KC,DEN,KC,KC,KC
6,TEN,BAL,401547229,a05021a0-f0e0-11ed-a0c6-e37e259a4c71,BAL,16,24,3.5,TEN,TEN,BAL,BAL,BAL
6,ATL,WSH,401547470,a050bde0-f0e0-11ed-a0c6-e37e259a4c71,WSH,16,24,-2.5,ATL,ATL,WSH,ATL,ATL
6,CHI,MIN,401547475,a0515a20-f0e0-11ed-a0c6-e37e259a4c71,MIN,13,19,2.5,MIN,CHI,MIN,MIN,CHI
6,CIN,SEA,401547471,a051cf50-f0e0-11ed-a0c6-e37e259a4c71,CIN,17,13,-3.5,SEA,CIN,SEA,SEA,CIN
6,CLE,SF,401547476,a0524480-f0e0-11ed-a0c6-e37e259a4c71,CLE,19,17,5.5,SF,CLE,SF,SF,SF
6,MIA,CAR,401547473,a05292a0-f0e0-11ed-a0c6-e37e259a4c71,MIA,42,21,-13.5,MIA,MIA,MIA,MIA,MIA
6,JAX,IND,401547472,a0668fd0-f0e0-11ed-a0c6-e37e259a4c71,JAX,37,20,-3.5,JAX,JAX,JAX,JAX,IND
6,HOU,NO,401547477,a07c88d0-f0e0-11ed-a0c6-e37e259a4c71,HOU,20,13,1.5,NO,NO,NO,NO,NO
6,LV,NE,401547474,a07cfe00-f0e0-11ed-a0c6-e37e259a4c71,LV,21,17,-3.5,LV,NE,LV,LV,LV
6,LAR,ARI,401547479,a07d7330-f0e0-11ed-a0c6-e37e259a4c71,LAR,26,9,-6.5,ARI,LAR,LAR,LAR,LAR
6,NYJ,PHI,401547480,a07de860-f0e0-11ed-a0c6-e37e259a4c71,NYJ,20,14,6.5,NYJ,PHI,PHI,PHI,PHI
6,TB,DET,401547478,a05307d0-f0e0-11ed-a0c6-e37e259a4c71,DET,6,20,3.5,TB,DET,DET,DET,DET
6,BUF,NYG,401547481,a07e5d90-f0e0-11ed-a0c6-e37e259a4c71,BUF,14,9,-14.5,NYG,BUF,NYG,NYG,BUF
6,LAC,DAL,401547482,a07ed2c0-f0e0-11ed-a0c6-e37e259a4c71,DAL,17,20,2.5,DAL,DAL,DAL,LAC,DAL
7,NO,JAX,401547483,a0bee900-f0e0-11ed-a98f-4730eee691bc,JAX,24,31,-3.5,NO,NO,JAX,JAX,NO
7,CHI,LV,401547490,a0bf8540-f0e0-11ed-a98f-4730eee691bc,CHI,30,12,3.5,LV,LV,LV,LV,LV
7,IND,CLE,401547484,a0bffa70-f0e0-11ed-a98f-4730eee691bc,CLE,38,39,2.5,IND,CLE,IND,IND,CLE
7,NE,BUF,401547485,a0c04890-f0e0-11ed-a98f-4730eee691bc,NE,29,25,8.5,BUF,NE,BUF,BUF,BUF
7,NYG,WSH,401547486,a0c0bdc0-f0e0-11ed-a98f-4730eee691bc,NYG,14,7,1.5,NYG,NYG,WSH,WSH,WSH
7,TB,ATL,401547491,a0c10be0-f0e0-11ed-a98f-4730eee691bc,ATL,13,16,-2.5,TB,ATL,ATL,ATL,TB
7,BAL,DET,401547489,a0c15a00-f0e0-11ed-a98f-4730eee691bc,BAL,38,6,-3.5,DET,DET,DET,DET,DET
7,LAR,PIT,401547492,a0c1cf30-f0e0-11ed-a98f-4730eee691bc,PIT,17,24,-3.5,LAR,PIT,PIT,LAR,LAR
7,SEA,ARI,401547493,a0c21d50-f0e0-11ed-a98f-4730eee691bc,SEA,20,10,-7.5,SEA,ARI,SEA,SEA,ARI
7,DEN,GB,401547487,a0c26b70-f0e0-11ed-a98f-4730eee691bc,DEN,19,17,1.5,GB,DEN,GB,GB,GB
7,KC,LAC,401547488,a0c2e0a0-f0e0-11ed-a98f-4730eee691bc,KC,31,17,-5.5,KC,KC,LAC,KC,LAC
7,PHI,MIA,401547494,a0c32ec0-f0e0-11ed-a98f-4730eee691bc,PHI,31,17,-1.5,MIA,PHI,MIA,MIA,MIA
7,MIN,SF,401547495,a0c37ce0-f0e0-11ed-a98f-4730eee691bc,MIN,22,17,7.5,SF,SF,SF,SF,SF
8,BUF,TB,401547496,a105dd10-f0e0-11ed-9c79-d3313493dc91,BUF,24,18,-8.5,BUF,BUF,BUF,TB,BUF
8,DAL,LAR,401547505,a1067950-f0e0-11ed-9c79-d3313493dc91,DAL,43,20,-6.5,DAL,DAL,LAR,DAL,LAR
8,GB,MIN,401547506,a106ee80-f0e0-11ed-9c79-d3313493dc91,MIN,10,24,-0.5,GB,GB,MIN,MIN,MIN
8,TEN,ATL,401547500,a1073ca0-f0e0-11ed-9c79-d3313493dc91,TEN,28,23,2.5,TEN,TEN,ATL,ATL,TEN
8,IND,NO,401547507,a1078ac0-f0e0-11ed-9c79-d3313493dc91,NO,27,38,-1.5,NO,NO,NO,IND,IND
8,MIA,NE,401547497,a107fff0-f0e0-11ed-9c79-d3313493dc91,MIA,31,17,-9.5,MIA,MIA,MIA,MIA,MIA
8,NYG,NYJ,401547498,a1087520-f0e0-11ed-9c79-d3313493dc91,NYJ,10,13,3.5,NYG,NYJ,NYG,NYG,NYJ
8,PIT,JAX,401547499,a108c340-f0e0-11ed-9c79-d3313493dc91,JAX,10,20,2.5,JAX,PIT,JAX,JAX,JAX
8,WSH,PHI,401547508,a1091160-f0e0-11ed-9c79-d3313493dc91,PHI,31,38,6.5,PHI,PHI,PHI,PHI,PHI
8,CAR,HOU,401547504,a1095f80-f0e0-11ed-9c79-d3313493dc91,CAR,15,13,3.5,CAR,CAR,HOU,HOU,HOU
8,SEA,CLE,401547509,a109d4b0-f0e0-11ed-9c79-d3313493dc91,SEA,24,20,-3.5,SEA,SEA,CLE,SEA,SEA
8,DEN,KC,401547502,a10a22d0-f0e0-11ed-9c79-d3313493dc91,DEN,24,9,7.5,KC,KC,KC,KC,KC
8,ARI,BAL,401547501,a10a70f0-f0e0-11ed-9c79-d3313493dc91,BAL,24,31,8.5,ARI,BAL,ARI,ARI,BAL
8,SF,CIN,401547503,a10abf10-f0e0-11ed-9c79-d3313493dc91,CIN,17,31,-5.5,SF,SF,CIN,CIN,SF
8,LAC,CHI,401547510,a10b0d30-f0e0-11ed-9c79-d3313493dc91,LAC,30,13,-8.5,LAC,LAC,CHI,CHI,CHI
8,DET,LV,401547511,a10b5b50-f0e0-11ed-9c79-d3313493dc91,DET,26,14,-8.5,DET,DET,DET,DET,DET
9,PIT,TEN,401547512,a16e3bd0-f0e0-11ed-a98f-4730eee691bc,PIT,20,16,-3.5,PIT,PIT,TEN,TEN,TEN
9,KC,MIA,401547230,a16ed810-f0e0-11ed-a98f-4730eee691bc,KC,21,14,-2.5,MIA,KC,MIA,MIA,KC
9,ATL,MIN,401547518,a16f4d40-f0e0-11ed-a98f-4730eee691bc,MIN,28,31,-4.5,MIN,ATL,MIN,MIN,ATL
9,CLE,ARI,401547514,a16fc270-f0e0-11ed-a98f-4730eee691bc,CLE,27,0,-8.5,CLE,CLE,ARI,CLE,CLE
9,GB,LAR,401547519,a1701090-f0e0-11ed-a98f-4730eee691bc,GB,20,3,-2.5,GB,GB,LAR,LAR,LAR
9,NE,WSH,401547520,a17085c0-f0e0-11ed-a98f-4730eee691bc,WSH,17,20,-3.5,WSH,NE,WSH,WSH,NE
9,NO,CHI,401547516,a170d3e0-f0e0-11ed-a98f-4730eee691bc,NO,24,17,-7.5,NO,CHI,NO,CHI,CHI
9,BAL,SEA,401547513,a1714910-f0e0-11ed-a98f-4730eee691bc,BAL,37,3,-5.5,BAL,BAL,SEA,BAL,BAL
9,HOU,TB,401547515,a1719730-f0e0-11ed-a98f-4730eee691bc,HOU,39,37,-2.5,HOU,HOU,HOU,HOU,HOU
9,CAR,IND,401547517,a171e550-f0e0-11ed-a98f-4730eee691bc,IND,13,27,2.5,CAR,IND,IND,IND,IND
9,LV,NYG,401547521,a1725a80-f0e0-11ed-a98f-4730eee691bc,LV,30,6,-2.5,LV,NYG,NYG,LV,NYG
9,PHI,DAL,401547522,a172a8a0-f0e0-11ed-a98f-4730eee691bc,PHI,28,23,-3.5,PHI,DAL,DAL,PHI,PHI
9,CIN,BUF,401547523,a1731dd0-f0e0-11ed-a98f-4730eee691bc,CIN,24,18,-2.5,CIN,BUF,BUF,BUF,BUF
9,NYJ,LAC,401547524,a17344e0-f0e0-11ed-a98f-4730eee691bc,LAC,6,27,3.5,NYJ,LAC,LAC,LAC,NYJ
10,CHI,CAR,401547525,a1b026d0-f0e0-11ed-9c79-d3313493dc91,CHI,16,13,-3.5,CHI,CHI,,,CHI
10,NE,IND,401547231,a1b0c310-f0e0-11ed-9c79-d3313493dc91,IND,6,10,2.5,NE,IND,IND,,IND
10,CIN,HOU,401547526,a1b11130-f0e0-11ed-9c79-d3313493dc91,HOU,27,30,-6.5,CIN,CIN,HOU,,HOU
10,MIN,NO,401547533,a1b18660-f0e0-11ed-9c79-d3313493dc91,MIN,27,19,2.5,MIN,NO,NO,,NO
10,PIT,GB,401547527,a1b1d480-f0e0-11ed-9c79-d3313493dc91,PIT,23,19,-3.5,PIT,PIT,GB,,GB
10,TB,TEN,401547528,a1b222a0-f0e0-11ed-9c79-d3313493dc91,TB,20,6,1.5,TB,TB,TEN,,TEN
10,JAX,SF,401547532,a1b270c0-f0e0-11ed-9c79-d3313493dc91,SF,3,34,2.5,JAX,SF,SF,,SF
10,BAL,CLE,401547531,a1b2bee0-f0e0-11ed-9c79-d3313493dc91,CLE,31,33,-5.5,BAL,BAL,CLE,,CLE
10,ARI,ATL,401547529,a1b30d00-f0e0-11ed-9c79-d3313493dc91,ARI,25,23,1.5,ATL,ATL,ATL,,ATL
10,LAC,DET,401547530,a1b35b20-f0e0-11ed-9c79-d3313493dc91,DET,38,41,1.5,LAC,DET,DET,,DET
10,DAL,NYG,401547534,a1b3a940-f0e0-11ed-9c79-d3313493dc91,DAL,49,17,-16.5,NYG,NYG,DAL,,NYG
10,SEA,WSH,401547535,a1b3f760-f0e0-11ed-9c79-d3313493dc91,SEA,29,26,-6.5,WSH,WSH,SEA,,SEA
10,LV,NYJ,401547536,a1b44580-f0e0-11ed-9c79-d3313493dc91,LV,16,12,1.5,LV,LV,NYJ,,NYJ
10,BUF,DEN,401547537,a1b493a0-f0e0-11ed-9c79-d3313493dc91,DEN,22,24,-7.5,BUF,DEN,BUF,,BUF
11,BAL,CIN,401547538,a1efa0d0-f0e0-11ed-a0c6-e37e259a4c71,BAL,34,20,-3.5,CIN,CIN,,BAL,BAL
11,CLE,PIT,401547539,a1f06420-f0e0-11ed-a0c6-e37e259a4c71,CLE,13,10,-3.5,PIT,CLE,CLE,PIT,PIT
11,DET,CHI,401547546,a1f0d950-f0e0-11ed-a0c6-e37e259a4c71,DET,31,26,-9.5,DET,CHI,CHI,CHI,DET
11,GB,LAC,401547547,a1f12770-f0e0-11ed-a0c6-e37e259a4c71,GB,23,20,2.5,GB,GB,LAC,LAC,LAC
11,MIA,LV,401547542,a1f19ca0-f0e0-11ed-a0c6-e37e259a4c71,MIA,20,13,-11.5,LV,LV,LV,LV,MIA
11,WSH,NYG,401547548,a1f211d0-f0e0-11ed-a0c6-e37e259a4c71,NYG,19,31,-10.5,WSH,NYG,NYG,WSH,WSH
11,CAR,DAL,401547545,a1f25ff0-f0e0-11ed-a0c6-e37e259a4c71,DAL,10,33,10.5,DAL,CAR,DAL,DAL,DAL
11,JAX,TEN,401547541,a1f2d520-f0e0-11ed-a0c6-e37e259a4c71,JAX,34,14,-6.5,JAX,TEN,TEN,JAX,JAX
11,HOU,ARI,401547540,a1f32340-f0e0-11ed-a0c6-e37e259a4c71,HOU,21,16,-5.5,ARI,HOU,ARI,ARI,HOU
11,SF,TB,401547549,a1f39870-f0e0-11ed-a0c6-e37e259a4c71,SF,27,14,-10.5,SF,SF,SF,SF,SF
11,BUF,NYJ,401547543,a1f3e690-f0e0-11ed-a0c6-e37e259a4c71,BUF,32,6,-6.5,BUF,BUF,NYJ,BUF,NYJ
11,LAR,SEA,401547544,a1f45bc0-f0e0-11ed-a0c6-e37e259a4c71,LAR,17,16,2.5,LAR,LAR,SEA,SEA,LAR
11,DEN,MIN,401547550,a1f4a9e0-f0e0-11ed-a0c6-e37e259a4c71,DEN,21,20,-2.5,DEN,DEN,DEN,DEN,MIN
11,KC,PHI,401547345,a1f51f10-f0e0-11ed-a0c6-e37e259a4c71,PHI,17,21,-2.5,KC,KC,PHI,PHI,KC
12,DET,GB,401547552,a2305350-f0e0-11ed-9c79-d3313493dc91,GB,22,29,-7.5,DET,DET,GB,DET,DET
12,DAL,WSH,401547551,a230ef90-f0e0-11ed-9c79-d3313493dc91,DAL,45,10,-10.5,DAL,DAL,WSH,DAL,DAL
12,SEA,SF,401547553,a23164c0-f0e0-11ed-9c79-d3313493dc91,SF,13,31,6.5,SEA,SEA,SF,SF,SF
12,NYJ,MIA,401547242,a231d9f0-f0e0-11ed-9c79-d3313493dc91,MIA,13,34,9.5,MIA,NYJ,MIA,MIA,NYJ
12,ATL,NO,401547559,a2324f20-f0e0-11ed-9c79-d3313493dc91,ATL,24,15,-1.5,NO,NO,NO,NO,NO
12,CIN,PIT,401547554,a2329d40-f0e0-11ed-9c79-d3313493dc91,PIT,10,16,1.5,CIN,PIT,PIT,PIT,CIN
12,TEN,CAR,401547561,a232eb60-f0e0-11ed-9c79-d3313493dc91,TEN,17,10,-3.5,CAR,TEN,TEN,TEN,TEN
12,IND,TB,401547556,a2336090-f0e0-11ed-9c79-d3313493dc91,IND,27,20,-2.5,IND,IND,TB,TB,IND
12,NYG,NE,401547560,a233aeb0-f0e0-11ed-9c79-d3313493dc91,NYG,10,7,2.5,NE,NYG,NE,NYG,NYG
12,HOU,JAX,401547555,a233fcd0-f0e0-11ed-9c79-d3313493dc91,JAX,21,24,0.5,JAX,JAX,JAX,JAX,HOU
12,DEN,CLE,401547563,a2344af0-f0e0-11ed-9c79-d3313493dc91,DEN,29,12,-2.5,CLE,DEN,CLE,CLE,CLE
12,ARI,LAR,401547562,a2349910-f0e0-11ed-9c79-d3313493dc91,LAR,14,37,0.5,LAR,LAR,LAR,LAR,LAR
12,LV,KC,401547557,a2350e40-f0e0-11ed-9c79-d3313493dc91,KC,17,31,9.5,KC,LV,KC,KC,KC
12,PHI,BUF,401547558,a2355c60-f0e0-11ed-9c79-d3313493dc91,PHI,37,34,-3.5,BUF,PHI,BUF,PHI,BUF
12,LAC,BAL,401547564,a235d190-f0e0-11ed-9c79-d3313493dc91,BAL,10,20,4.5,BAL,BAL,BAL,BAL,BAL
12,MIN,CHI,401547565,a2361fb0-f0e0-11ed-9c79-d3313493dc91,CHI,10,12,-3.5,MIN,MIN,MIN,MIN,CHI
13,DAL,SEA,401547566,a277bc90-f0e0-11ed-a0c6-e37e259a4c71,DAL,41,35,-7.5,SEA,SEA,,SEA,DAL
13,TEN,IND,401547570,a2787fe0-f0e0-11ed-a0c6-e37e259a4c71,IND,28,31,2.5,TEN,IND,IND,IND,IND
13,NE,LAC,401547567,a278f510-f0e0-11ed-a0c6-e37e259a4c71,LAC,0,6,5.5,LAC,NE,LAC,LAC,LAC
13,NO,DET,401547572,a2796a40-f0e0-11ed-a0c6-e37e259a4c71,DET,28,33,3.5,NO,DET,DET,DET,DET
13,NYJ,ATL,401547573,a279b860-f0e0-11ed-a0c6-e37e259a4c71,ATL,8,13,3.5,NYJ,NYJ,ATL,NYJ,NYJ
13,PIT,ARI,401547568,a27a2d90-f0e0-11ed-a0c6-e37e259a4c71,ARI,10,24,-5.5,PIT,PIT,ARI,PIT,PIT
13,WSH,MIA,401547574,a27af0e0-f0e0-11ed-a0c6-e37e259a4c71,MIA,15,45,9.5,MIA,WSH,MIA,MIA,MIA
13,HOU,DEN,401547571,a27b6610-f0e0-11ed-a0c6-e37e259a4c71,HOU,22,17,-3.5,DEN,HOU,DEN,DEN,HOU
13,TB,CAR,401547569,a27aa2c0-f0e0-11ed-a0c6-e37e259a4c71,TB,21,18,-5.5,TB,CAR,TB,CAR,CAR
13,LAR,CLE,401547575,a27bb430-f0e0-11ed-a0c6-e37e259a4c71,LAR,36,19,-4.5,LAR,CLE,CLE,CLE,LAR
13,PHI,SF,401547276,a27c2960-f0e0-11ed-a0c6-e37e259a4c71,SF,19,42,2.5,PHI,PHI,SF,PHI,SF
13,GB,KC,401547576,a27c7780-f0e0-11ed-a0c6-e37e259a4c71,GB,27,19,6.5,GB,KC,KC,KC,KC
13,JAX,CIN,401547577,a27cecb0-f0e0-11ed-a0c6-e37e259a4c71,CIN,31,34,-8.5,CIN,CIN,JAX,JAX,CIN
14,PIT,NE,401547578,a2b9a790-f0e0-11ed-a98f-4730eee691bc,NE,18,21,-5.5,PIT,PIT,NE,PIT,NE
14,ATL,TB,401547579,a2ba1cc0-f0e0-11ed-a98f-4730eee691bc,TB,25,29,-2.5,TB,ATL,TB,TB,ATL
14,CHI,DET,401547586,a2ba91f0-f0e0-11ed-a98f-4730eee691bc,CHI,28,13,3.5,DET,DET,DET,DET,CHI
14,CIN,IND,401547580,a2bb0720-f0e0-11ed-a98f-4730eee691bc,CIN,34,14,0.5,CIN,CIN,IND,IND,IND
14,CLE,JAX,401547581,a2bb5540-f0e0-11ed-a98f-4730eee691bc,CLE,31,27,-2.5,JAX,JAX,JAX,JAX,CLE
14,NO,CAR,401547587,a2bbca70-f0e0-11ed-a98f-4730eee691bc,NO,28,6,-5.5,CAR,NO,NO,NO,NO
14,NYJ,HOU,401547582,a2bc1890-f0e0-11ed-a98f-4730eee691bc,NYJ,30,6,6.5,NYJ,HOU,HOU,HOU,NYJ
14,BAL,LAR,401547585,a2bc8dc0-f0e0-11ed-a98f-4730eee691bc,BAL,37,31,-7.5,LAR,LAR,BAL,LAR,LAR
14,LV,MIN,401547588,a2bcdbe0-f0e0-11ed-a98f-4730eee691bc,MIN,0,3,2.5,LV,MIN,MIN,MIN,LV
14,SF,SEA,401547589,a2bd7820-f0e0-11ed-a98f-4730eee691bc,SF,28,16,-10.5,SF,SEA,SEA,SF,SF
14,KC,BUF,401547583,a2bded50-f0e0-11ed-a98f-4730eee691bc,BUF,17,20,-2.5,BUF,KC,BUF,BUF,BUF
14,LAC,DEN,401547584,a2be6280-f0e0-11ed-a98f-4730eee691bc,DEN,7,24,-2.5,LAC,LAC,DEN,DEN,DEN
14,DAL,PHI,401547590,a2beb0a0-f0e0-11ed-a98f-4730eee691bc,DAL,33,13,-3.5,DAL,DAL,PHI,PHI,PHI
14,MIA,TEN,401547592,a2befec0-f0e0-11ed-a98f-4730eee691bc,TEN,27,28,-13.5,TEN,TEN,MIA,MIA,TEN
14,NYG,GB,401547591,a2bf4ce0-f0e0-11ed-a98f-4730eee691bc,NYG,24,22,6.5,NYG,GB,GB,GB,NYG
15,LV,LAC,401547593,a2fc07c0-f0e0-11ed-a0c6-e37e259a4c71,LV,63,21,-2.5,LAC,LV,LAC,LV,LV
15,CIN,MIN,401547604,a2fca400-f0e0-11ed-a0c6-e37e259a4c71,CIN,27,24,-3.5,MIN,MIN,CIN,MIN,CIN
15,IND,PIT,401547607,a2fdb570-f0e0-11ed-a0c6-e37e259a4c71,IND,30,13,-2.5,PIT,IND,PIT,IND,IND
15,DET,DEN,401547606,a2fd6750-f0e0-11ed-a0c6-e37e259a4c71,DET,42,17,-4.5,DEN,DEN,DEN,DEN,DET
15,CLE,CHI,401547605,a2fcf220-f0e0-11ed-a0c6-e37e259a4c71,CLE,20,17,-3.5,CLE,CLE,CLE,CHI,CHI
15,GB,TB,401547598,a30d6ce0-f0e0-11ed-a0c6-e37e259a4c71,TB,20,34,-3.5,GB,GB,TB,TB,GB
15,TEN,HOU,401547595,a30dbb00-f0e0-11ed-a0c6-e37e259a4c71,HOU,16,19,-2.5,HOU,HOU,HOU,HOU,HOU
15,MIA,NYJ,401547594,a30e3030-f0e0-11ed-a0c6-e37e259a4c71,MIA,30,0,-8.5,MIA,MIA,MIA,MIA,NYJ
15,NE,KC,401547608,a310c840-f0e0-11ed-a0c6-e37e259a4c71,KC,17,27,9.5,KC,KC,KC,KC,KC
15,NO,NYG,401547599,a30ea560-f0e0-11ed-a0c6-e37e259a4c71,NO,24,6,-4.5,NO,NO,NYG,NYG,NYG
15,CAR,ATL,401547603,a2fe2aa0-f0e0-11ed-a0c6-e37e259a4c71,CAR,9,7,3.5,ATL,ATL,ATL,ATL,ATL
15,LAR,WSH,401547597,a30ef380-f0e0-11ed-a0c6-e37e259a4c71,LAR,28,20,-6.5,LAR,LAR,LAR,LAR,LAR
15,ARI,SF,401547596,a30f41a0-f0e0-11ed-a0c6-e37e259a4c71,SF,29,45,13.5,SF,SF,SF,SF,SF
15,BUF,DAL,401547600,a30fb6d0-f0e0-11ed-a0c6-e37e259a4c71,BUF,31,10,-2.5,BUF,DAL,DAL,BUF,BUF
15,JAX,BAL,401547602,a3105310-f0e0-11ed-a0c6-e37e259a4c71,BAL,7,23,3.5,JAX,BAL,BAL,BAL,BAL
15,SEA,PHI,401547601,a31004f0-f0e0-11ed-a0c6-e37e259a4c71,SEA,20,17,3.5,PHI,PHI,PHI,PHI,PHI
16,LAR,NO,401547609,a35cec70-f0e0-11ed-a0c6-e37e259a4c71,LAR,30,22,-4.5,NO,NO,NO,,LAR
16,PIT,CIN,401547610,a35d88b0-f0e0-11ed-a0c6-e37e259a4c71,PIT,34,11,2.5,CIN,CIN,CIN,CIN,CIN
16,LAC,BUF,401547611,a3613230-f0e0-11ed-a0c6-e37e259a4c71,BUF,22,24,13.5,BUF,BUF,BUF,LAC,BUF
16,ATL,IND,401547616,a3618050-f0e0-11ed-a0c6-e37e259a4c71,ATL,29,10,2.5,ATL,IND,IND,IND,IND
16,TEN,SEA,401547614,a361f580-f0e0-11ed-a0c6-e37e259a4c71,SEA,17,20,2.5,SEA,SEA,SEA,SEA,TEN
16,MIN,DET,401547618,a36243a0-f0e0-11ed-a0c6-e37e259a4c71,DET,24,30,3.5,DET,DET,DET,DET,DET
16,NYJ,WSH,401547613,a362b8d0-f0e0-11ed-a0c6-e37e259a4c71,NYJ,30,28,-3.5,NYJ,WSH,NYJ,WSH,NYJ
16,CAR,GB,401547617,a36306f0-f0e0-11ed-a0c6-e37e259a4c71,GB,30,33,4.5,CAR,CAR,CAR,CAR,GB
16,HOU,CLE,401547612,a3635510-f0e0-11ed-a0c6-e37e259a4c71,CLE,22,36,-2.5,CLE,CLE,CLE,CLE,CLE
16,TB,JAX,401547615,a363ca40-f0e0-11ed-a0c6-e37e259a4c71,TB,30,12,0.5,TB,JAX,JAX,JAX,JAX
16,CHI,ARI,401547619,a3643f70-f0e0-11ed-a0c6-e37e259a4c71,CHI,27,16,-4.5,ARI,CHI,ARI,CHI,CHI
16,MIA,DAL,401547620,a3648d90-f0e0-11ed-a0c6-e37e259a4c71,MIA,22,20,-1.5,MIA,MIA,DAL,DAL,DAL
16,DEN,NE,401547621,a36502c0-f0e0-11ed-a0c6-e37e259a4c71,NE,23,26,-6.5,DEN,DEN,DEN,DEN,DEN
16,KC,LV,401547351,a36550e0-f0e0-11ed-a0c6-e37e259a4c71,LV,14,20,-9.5,KC,KC,LV,KC,KC
16,PHI,NYG,401547241,a365c610-f0e0-11ed-a0c6-e37e259a4c71,PHI,33,25,-10.5,NYG,NYG,PHI,NYG,PHI
16,SF,BAL,401547622,a3661430-f0e0-11ed-a0c6-e37e259a4c71,BAL,19,33,-5.5,BAL,SF,BAL,SF,SF
17,CLE,NYJ,401547623,a3a58e30-f0e0-11ed-a98f-4730eee691bc,CLE,37,20,-7.5,CLE,CLE,CLE,CLE,NYJ
17,DAL,DET,401547624,a3a62a70-f0e0-11ed-a98f-4730eee691bc,DAL,20,19,-6.5,DAL,DAL,DAL,DAL,DET
17,BUF,NE,401547626,a3a69fa0-f0e0-11ed-a98f-4730eee691bc,BUF,27,21,-11.5,BUF,BUF,BUF,NE,BUF
17,CHI,ATL,401547627,a3a714d0-f0e0-11ed-a98f-4730eee691bc,CHI,37,17,-2.5,ATL,ATL,ATL,ATL,CHI
17,IND,LV,401547628,a3a78a00-f0e0-11ed-a98f-4730eee691bc,IND,23,20,-2.5,IND,LV,LV,LV,IND
17,NYG,LAR,401547632,a3a7ff30-f0e0-11ed-a98f-4730eee691bc,LAR,25,26,6.5,NYG,NYG,NYG,NYG,LAR
17,PHI,ARI,401547633,a3a84d50-f0e0-11ed-a98f-4730eee691bc,ARI,31,35,-12.5,PHI,PHI,ARI,PHI,PHI
17,TB,NO,401547634,a3a8c280-f0e0-11ed-a98f-4730eee691bc,NO,13,23,-3.5,NO,TB,NO,TB,NO
17,WSH,SF,401547635,a3a910a0-f0e0-11ed-a98f-4730eee691bc,SF,10,27,13.5,SF,WSH,SF,SF,SF
17,JAX,CAR,401547629,a3a985d0-f0e0-11ed-a98f-4730eee691bc,JAX,26,0,-6.5,JAX,JAX,JAX,JAX,JAX
17,BAL,MIA,401547625,a3a9d3f0-f0e0-11ed-a98f-4730eee691bc,BAL,56,19,-3.5,BAL,MIA,MIA,MIA,BAL
17,HOU,TEN,401547631,a3aa4920-f0e0-11ed-a98f-4730eee691bc,HOU,26,3,-3.5,HOU,HOU,TEN,HOU,HOU
17,SEA,PIT,401547636,a3aabe50-f0e0-11ed-a98f-4730eee691bc,PIT,23,30,-3.5,PIT,SEA,PIT,PIT,SEA
17,DEN,LAC,401547630,a3ab0c70-f0e0-11ed-a98f-4730eee691bc,DEN,16,9,-5.5,LAC,DEN,LAC,DEN,DEN
17,KC,CIN,401547235,a3ab5a90-f0e0-11ed-a98f-4730eee691bc,KC,25,17,-7.5,CIN,CIN,CIN,CIN,KC
17,MIN,GB,401547637,a3abcfc0-f0e0-11ed-a98f-4730eee691bc,GB,10,33,-2.5,MIN,MIN,GB,GB,GB
18,BAL,PIT,401547639,a3f004b0-f0e0-11ed-a98f-4730eee691bc,PIT,10,17,3.5,PIT,BAL,PIT,,BAL
18,IND,HOU,401547644,a3eb97e0-f0e0-11ed-a98f-4730eee691bc,HOU,19,23,-1.5,IND,HOU,HOU,,IND
18,CIN,CLE,401547641,a3e9ea30-f0e0-11ed-a98f-4730eee691bc,CIN,31,14,-5.5,CIN,CLE,CLE,,CLE
18,DET,MIN,401547642,a3ea5f60-f0e0-11ed-a98f-4730eee691bc,DET,30,20,-3.5,DET,DET,MIN,,DET
18,TEN,JAX,401547652,a3eb49c0-f0e0-11ed-a98f-4730eee691bc,TEN,28,20,4.5,JAX,JAX,JAX,,TEN
18,NE,NYJ,401547648,a3eca950-f0e0-11ed-a98f-4730eee691bc,NYJ,3,17,-2.5,NE,NE,NYJ,,NYJ
18,NO,ATL,401547649,a3ed4590-f0e0-11ed-a98f-4730eee691bc,NO,48,17,-3.5,NO,NO,ATL,,NO
18,CAR,TB,401547640,a3efb690-f0e0-11ed-a98f-4730eee691bc,TB,0,9,5.5,TB,TB,TB,,CAR
18,GB,CHI,401547643,a3ead490-f0e0-11ed-a98f-4730eee691bc,GB,17,9,-3.5,GB,GB,CHI,,CHI
18,LV,DEN,401547646,a3ebe600-f0e0-11ed-a98f-4730eee691bc,LV,27,14,-2.5,LV,LV,DEN,,DEN
18,NYG,PHI,401547650,a3ed93b0-f0e0-11ed-a98f-4730eee691bc,NYG,27,10,5.5,NYG,PHI,PHI,,PHI
18,ARI,SEA,401547638,a3ede1d0-f0e0-11ed-a98f-4730eee691bc,SEA,20,21,3.5,ARI,ARI,ARI,,SEA
18,LAC,KC,401547645,a3eecc30-f0e0-11ed-a98f-4730eee691bc,KC,12,13,-1.5,KC,KC,KC,,KC
18,SF,LAR,401547651,a3ef1a50-f0e0-11ed-a98f-4730eee691bc,LAR,20,21,-3.5,LAR,SF,LAR,,LAR
18,WSH,DAL,401547653,a3ef6870-f0e0-11ed-a98f-4730eee691bc,DAL,10,38,13.5,DAL,WSH,DAL,,DAL
18,MIA,BUF,401547647,a3ec5b30-f0e0-11ed-a98f-4730eee691bc,BUF,14,21,2.5,MIA,BUF,BUF,,BUF
